X,Y,Y'
0.1,0,0
0.2,0,0.1
0.3,0.01,0.198
0.4,0.0298,0.29004
0.5,0.058804,0.372319
0.6,0.0960359,0.441351
0.7,0.140171,0.49411
0.8,0.189582,0.528159
0.9,0.242398,0.541763
1,0.296574,0.533969
1.1,0.349971,0.50466
1.2,0.400437,0.454578
1.3,0.445895,0.385312
1.4,0.484426,0.299247
1.5,0.514351,0.199492
1.6,0.5343,0.0897619
1.7,0.543276,-0.0257534
1.8,0.540701,-0.142549
1.9,0.526446,-0.255978
2,0.500848,-0.361437
2.1,0.464704,-0.454548
2.2,0.41925,-0.531338
2.3,0.366116,-0.588412
2.4,0.307275,-0.62309
2.5,0.244966,-0.633538
2.6,0.181612,-0.618853
2.7,0.119727,-0.579121
2.8,0.0618146,-0.515429
2.9,0.0102716,-0.429847
3,-0.032713,-0.325358
3.1,-0.0652488,-0.205766
3.2,-0.0858254,-0.075551
3.3,-0.0933805,0.0602902
3.4,-0.0873515,0.196437
3.5,-0.0677079,0.327448
3.6,-0.034963,0.447983
3.7,0.00983525,0.553008
3.8,0.0651361,0.638014
3.9,0.128937,0.699199
4,0.198857,0.73364
4.1,0.272221,0.739424
4.2,0.346164,0.715747
4.3,0.417739,0.662967
4.4,0.484035,0.582612
4.5,0.542296,0.477346
4.6,0.590031,0.35088
4.7,0.625119,0.20785
4.8,0.645904,0.0536456
4.9,0.651269,-0.105789
5,0.64069,-0.264181
5.1,0.614272,-0.415173
5.2,0.572754,-0.552578
5.3,0.517497,-0.670628
5.4,0.450434,-0.764214
5.5,0.374012,-0.829104
5.6,0.291102,-0.862127
5.7,0.204889,-0.861325
5.8,0.118757,-0.826054
5.9,0.0361514,-0.757036
6,-0.0395522,-0.656356
6.1,-0.105188,-0.527408
6.2,-0.157928,-0.374784
6.3,-0.195407,-0.204117
6.4,-0.215819,-0.0218722
6.5,-0.218006,0.164893
6.6,-0.201517,0.348797
6.7,-0.166637,0.522428
6.8,-0.114394,0.678634
6.9,-0.0465306,0.810819
7,0.0345513,0.913215
7.1,0.125873,0.98113
7.2,0.223986,1.01116
7.3,0.325102,1.00134
7.4,0.425236,0.951273
7.5,0.520363,0.862154
7.6,0.606578,0.736765
7.7,0.680255,0.579399
7.8,0.738195,0.395709
7.9,0.777766,0.192517
8,0.797017,-0.0224399
8.1,0.794773,-0.240798
8.2,0.770694,-0.453891
8.3,0.725304,-0.653091
8.4,0.659995,-0.830151
8.5,0.57698,-0.977546
8.6,0.479226,-1.08879
8.7,0.370347,-1.1587
8.8,0.254477,-1.18367
8.9,0.13611,-1.16178
9,0.0199317,-1.09299
9.1,-0.0893676,-0.979105
9.2,-0.187278,-0.823776
9.3,-0.269656,-0.632389
9.4,-0.332895,-0.411879
9.5,-0.374082,-0.170484
9.6,-0.391131,0.0825589
9.7,-0.382875,0.33736
9.8,-0.349139,0.583763
9.9,-0.290763,0.811743
10,-0.209588,1.01181
10.1,-0.108407,1.17541
10.2,0.00913425,1.29527
10.3,0.138661,1.36571
10.4,0.275232,1.38293
10.5,0.413525,1.34518
10.6,0.548043,1.25286
10.7,0.673329,1.10859
10.8,0.784188,0.917087
10.9,0.875897,0.68507
11,0.944404,0.42101
11.1,0.986505,0.134828
11.2,0.999988,-0.16247
11.3,0.983741,-0.459216
11.4,0.937819,-0.743528
11.5,0.863466,-1.00378
11.6,0.763088,-1.2291
11.7,0.640178,-1.40975
11.8,0.499203,-1.53762
11.9,0.345441,-1.60655
12,0.184785,-1.6126
12.1,0.0235255,-1.55426
12.2,-0.131901,-1.43259
12.3,-0.275159,-1.25117
12.4,-0.400277,-1.01609
12.5,-0.501885,-0.735655
12.6,-0.575451,-0.420187
12.7,-0.61747,-0.0816033
12.8,-0.62563,0.267017
12.9,-0.598928,0.611928
13,-0.537735,0.939261
13.1,-0.443809,1.23557
13.2,-0.320252,1.48838
13.3,-0.171414,1.68672
13.4,-0.00274258,1.82155
13.5,0.179412,1.88621
13.6,0.368033,1.87672
13.7,0.555706,1.79198
13.8,0.734903,1.63385
13.9,0.898289,1.40722
14,1.03901,1.11976
14.1,1.15099,0.781757
14.2,1.22916,0.405727
14.3,1.26973,0.00594793
14.4,1.27033,-0.402065
14.5,1.23012,-0.802155
14.6,1.14991,-1.17816
14.7,1.03209,-1.51456
14.8,0.880635,-1.79711
14.9,0.700924,-2.01342
15,0.499583,-2.15352
15.1,0.284231,-2.21028
15.2,0.0632025,-2.17977
15.3,-0.154774,-2.06145
15.4,-0.36092,-1.85832
15.5,-0.546751,-1.57678
15.6,-0.704429,-1.22654
15.7,-0.827084,-0.820242
15.8,-0.909108,-0.373004
15.9,-0.946408,0.0980995
16,-0.936599,0.574701
16.1,-0.879128,1.03785
16.2,-0.775344,1.46874
16.3,-0.62847,1.8495
16.4,-0.443519,2.1639
16.5,-0.227129,2.39803
16.6,0.0126738,2.54092
16.7,0.266766,2.58503
16.8,0.525269,2.52663
16.9,0.777932,2.36599
17,1.01453,2.10749
17.1,1.22528,1.75953
17.2,1.40123,1.33423
17.3,1.53466,0.847051
17.4,1.61936,0.316248
17.5,1.65099,-0.237822
17.6,1.6272,-0.79346
17.7,1.54786,-1.32847
17.8,1.41501,-1.82105
17.9,1.23291,-2.25063
18,1.00784,-2.59878
18.1,0.747965,-2.84994
18.2,0.462971,-2.99213
18.3,0.163758,-3.01747
18.4,-0.137989,-2.92263
18.5,-0.430252,-2.70898
18.6,-0.70115,-2.3827
18.7,-0.93942,-1.95459
18.8,-1.13488,-1.43973
18.9,-1.27885,-0.85698
19,-1.36455,-0.2283
19.1,-1.38738,0.422085
19.2,-1.34517,1.0686
19.3,-1.23831,1.68529
19.4,-1.06978,2.24691
19.5,-0.845091,2.72988
19.6,-0.572102,3.11332
19.7,-0.26077,3.3799
19.8,0.0772198,3.51661
19.9,0.428881,3.51539
20,0.780419,3.37353
20.1,1.11777,3.09389
20.2,1.42716,2.6849
20.3,1.69565,2.16034
20.4,1.91169,1.53887
20.5,2.06557,0.843421
20.6,2.14991,0.100324
20.7,2.15995,-0.661649
20.8,2.09378,-1.41239
20.9,1.95254,-2.12166
21,1.74038,-2.76024
21.1,1.46435,-3.30119
21.2,1.13423,-3.72091
21.3,0.762143,-4.00018
21.4,0.362125,-4.12504
21.5,-0.0503788,-4.08738
21.6,-0.459117,-3.88549
21.7,-0.847666,-3.52413
21.8,-1.20008,-3.01458
21.9,-1.50154,-2.37426
22,-1.73896,-1.62616
22.1,-1.90158,-0.798049
22.2,-1.98138,0.0785432
22.3,-1.97353,0.969526
22.4,-1.87658,1.83955
22.5,-1.69262,2.65339
22.6,-1.42728,3.37737
22.7,-1.08955,3.98073
22.8,-0.691473,4.43694
22.9,-0.247779,4.72479
23,0.224699,4.8294
23.1,0.70764,4.74294
23.2,1.18193,4.46502
23.3,1.62844,4.00295
23.4,2.02873,3.37151
23.5,2.36588,2.59259
23.6,2.62514,1.69439
23.7,2.79458,0.710443
23.8,2.86562,-0.321597
23.9,2.83346,-1.36141
24,2.69732,-2.36757
24.1,2.46057,-3.29915
24.2,2.13065,-4.11739
24.3,1.71891,-4.7873
24.4,1.24018,-5.27912
24.5,0.712268,-5.56961
24.6,0.155307,-5.64313
24.7,-0.409006,-5.49239
24.8,-0.958245,-5.11894
24.9,-1.47014,-4.53326
25,-1.92346,-3.75454
25.1,-2.29892,-2.81006
25.2,-2.57993,-1.7343
25.3,-2.75335,-0.567639
25.4,-2.81012,0.645055
25.5,-2.74561,1.8562
25.6,-2.55999,3.01732
25.7,-2.25826,4.08097
25.8,-1.85016,5.00266
25.9,-1.3499,5.74267
26,-0.77563,6.26778
26.1,-0.148853,6.55267
26.2,0.506415,6.58116
26.3,1.16453,6.34697
26.4,1.79923,5.85422
26.5,2.38465,5.11744
26.6,2.89639,4.16124
26.7,3.31252,3.01945
26.8,3.61446,1.73406
26.9,3.78787,0.353591
27,3.82323,-1.06863
27.1,3.71636,-2.47655
27.2,3.46871,-3.81356
27.3,3.08735,-5.02477
27.4,2.58488,-6.05922
27.5,1.97895,-6.87199
27.6,1.29176,-7.42613
27.7,0.549143,-7.69431
27.8,-0.220288,-7.66008
27.9,-0.986296,-7.31876
28,-1.71817,-6.67787
28.1,-2.38596,-5.75704
28.2,-2.96166,-4.58752
28.3,-3.42042,-3.2111
28.4,-3.74153,-1.67871
28.5,-3.9094,-0.0485295
28.6,-3.91425,1.6162
28.7,-3.75263,3.24958
28.8,-3.42767,4.78564
28.9,-2.94911,6.16099
29,-2.33301,7.31742
29.1,-1.60127,8.20427
29.2,-0.780841,8.78069
29.3,0.0972286,9.01742
29.4,0.99897,8.89818
29.5,1.88879,8.42062
29.6,2.73085,7.5967
29.7,3.49052,6.45242
29.8,4.13576,5.02717
29.9,4.63848,3.37232
30,4.97571,1.54948
30.1,5.13066,-0.371794
30.2,5.09348,-2.31662
30.3,4.86182,-4.20768
30.4,4.44105,-5.96825
30.5,3.84422,-7.52531
30.6,3.09169,-8.81249
30.7,2.21044,-9.77292
30.8,1.23315,-10.3616
30.9,0.196988,-10.5477
31,-0.857779,-10.3155
31.1,-1.88933,-9.66609
31.2,-2.85594,-8.61703
31.3,-3.71764,-7.20232
31.4,-4.43787,-5.47121
31.5,-4.98499,-3.48664
31.6,-5.33366,-1.32291
31.7,-5.46595,0.937012
31.8,-5.37225,3.20465
31.9,-5.05178,5.38946
32,-4.51284,7.40238
32.1,-3.7726,9.15947
32.2,-2.85665,10.5853
32.3,-1.79812,11.6163
32.4,-0.636493,12.2032
32.5,0.583827,12.3137
32.6,1.8152,11.9339
32.7,3.00859,11.0692
32.8,4.11551,9.74435
32.9,5.08994,8.00326
33,5.89027,5.90721
33.1,6.48099,3.53296
33.2,6.83429,0.969906
33.3,6.93128,-1.68321
33.4,6.76296,-4.32205
33.5,6.33075,-6.84079
33.6,5.64667,-9.13628
33.7,4.73304,-11.1122
33.8,3.62182,-12.6832
33.9,2.3535,-13.7783
34,0.975676,-14.3441
34.1,-0.458734,-14.3475
34.2,-1.89348,-13.777
34.3,-3.27119,-12.6441
34.4,-4.5356,-10.9828
34.5,-5.63387,-8.84886
34.6,-6.51876,-6.31833
34.7,-7.15059,-3.48446
34.8,-7.49904,-0.454536
34.9,-7.54449,2.65417
35,-7.27907,5.71888
35.1,-6.70719,8.61613
35.2,-5.84557,11.2267
35.3,-4.7229,13.4404
35.4,-3.37887,15.1607
35.5,-1.86279,16.3091
35.6,-0.231885,16.828
35.7,1.45091,16.6842
35.8,3.11933,15.8701
35.9,4.70635,14.405
36,6.14685,12.3344
36.1,7.38029,9.72894
36.2,8.35318,6.68225
36.3,9.02141,3.30733
36.4,9.35214,-0.267378
36.5,9.3254,-3.90289
36.6,8.93511,-7.45499
36.7,8.18961,-10.7799
36.8,7.11162,-13.7402
36.9,5.7376,-16.21
37,4.1166,-18.0809
37.1,2.30851,-19.2659
37.2,0.381924,-19.704
37.3,-1.58847,-19.3627
37.4,-3.52474,-18.24
37.5,-5.34874,-16.3653
37.6,-6.98527,-13.7985
37.7,-8.36513,-10.6284
37.8,-9.42797,-6.96982
37.9,-10.125,-2.95924
38,-10.4209,1.24993
38.1,-10.2959,5.49328
38.2,-9.74656,9.60177
38.3,-8.78638,13.4084
38.4,-7.44554,16.7547
38.5,-5.77007,19.4979
38.6,-3.82028,21.5159
38.7,-1.66869,22.7137
38.8,0.602683,23.0269
38.9,2.90538,22.4253
39,5.14791,20.9147
39.1,7.23937,18.5372
39.2,9.09309,15.3707
39.3,10.6302,11.5261
39.4,11.7828,7.14347
39.5,12.4971,2.38749
39.6,12.7359,-2.5591
39.7,12.48,-7.50227
39.8,11.7297,-12.2442
39.9,10.5053,-16.5912
40,8.84619,-20.3615
40.1,6.81004,-23.3928
40.2,4.47076,-25.5489
40.3,1.91587,-26.7262
40.4,-0.756755,-26.8581
40.5,-3.44256,-25.9182
40.6,-6.03438,-23.9228
40.7,-8.42666,-20.9306
40.8,-10.5197,-17.0413
40.9,-12.2239,-12.3926
41,-13.4631,-7.15522
41.1,-14.1786,-1.52687
41.2,-14.3313,4.27513
41.3,-13.9038,10.0222
41.4,-12.9016,15.4832
41.5,-11.3533,20.4342
41.6,-9.30985,24.6668
41.7,-6.84317,27.9974
41.8,-4.04343,30.2748
41.9,-1.01595,31.3866
42,2.12271,31.2653
42.1,5.24924,29.8909
42.2,8.23833,27.2934
42.3,10.9677,23.5522
42.4,13.3229,18.7941
42.5,15.2023,13.189
42.6,16.5212,6.94433
42.7,17.2156,0.296966
42.8,17.2453,-6.49523
42.9,16.5958,-13.1635
43,15.2795,-19.4385
43.1,13.3356,-25.0615
43.2,10.8295,-29.7945
43.3,7.85,-33.4304
43.4,4.50696,-35.8018
43.5,0.92678,-36.7886
43.6,-2.75208,-36.3235
43.7,-6.38443,-34.3962
43.8,-9.82405,-31.0545
43.9,-12.9295,-26.4038
44,-15.5699,-20.6039
44.1,-17.6303,-13.8639
44.2,-19.0167,-6.43451
44.3,-19.6601,1.40085
44.4,-19.52,9.33687
44.5,-18.5863,17.0581
44.6,-16.8805,24.2515
44.7,-14.4554,30.6187
44.8,-11.3935,35.8885
44.9,-7.80466,39.8281
45,-3.82184,42.2534
45.1,0.403496,43.0371
45.2,4.7072,42.1149
45.3,8.9187,39.4898
45.4,12.8677,35.2325
45.5,16.3909,29.4808
45.6,19.339,22.4348
45.7,21.5825,14.3505
45.8,23.0175,5.53049
45.9,23.5706,-3.68713
46,23.2019,-12.9416
46.1,21.9077,-21.8635
46.2,19.7213,-30.0893
46.3,16.7124,-37.2761
46.4,12.9848,-43.1155
46.5,8.67325,-47.3471
46.6,3.93853,-49.7695
46.7,-1.03842,-50.2495
46.8,-6.06337,-48.7292
46.9,-10.9363,-45.2292
47,-15.4592,-39.8501
47.1,-19.4442,-32.7695
47.2,-22.7212,-24.2364
47.3,-25.1448,-14.5632
47.4,-26.6011,-4.11399
47.5,-27.0125,6.70874
47.6,-26.3416,17.4796
47.7,-24.5937,27.7666
47.8,-21.817,37.1488
47.9,-18.1021,45.2326
48,-13.5789,51.6688
48.1,-8.412,56.167
48.2,-2.7953,58.5085
48.3,3.05554,58.5564
48.4,8.91118,56.2631
48.5,14.5375,51.6733
48.6,19.7048,44.9249
48.7,24.1973,36.2444
48.8,27.8218,25.9406
48.9,30.4158,14.3931
49,31.8551,2.03893
49.1,32.059,-10.6439
49.2,30.9946,-23.1546
49.3,28.6792,-34.9894
49.4,25.1802,-45.6613
49.5,20.6141,-54.7201
49.6,15.1421,-61.7714
49.7,8.96495,-66.4928
49.8,2.31567,-68.6489
49.9,-4.54922,-68.1022
50,-11.3594,-64.8205
50.1,-17.8415,-58.8803
50.2,-23.7295,-50.4661
50.3,-28.7761,-39.865
50.4,-32.7626,-27.4572
50.5,-35.5083,-13.703
50.6,-36.8786,0.87438
50.7,-36.7912,15.7083
50.8,-35.2204,30.2107
50.9,-32.1993,43.7946
51,-27.8198,55.8984
51.1,-22.23,66.0084
51.2,-15.6292,73.6802
51.3,-8.26114,78.5583
51.4,-0.405309,80.3916
51.5,7.63385,79.0459
51.6,15.5384,74.5114
51.7,22.9896,66.9058
51.8,29.6802,56.4719
51.9,35.3273,43.5704
52,39.6844,28.668
52.1,42.5512,12.3209
52.2,43.7833,-4.84599
52.3,43.2987,-22.1624
52.4,41.0824,-38.9386
52.5,37.1886,-54.4928
52.6,31.7393,-68.1784
52.7,24.9215,-79.4105
52.8,16.9804,-87.6909
52.9,8.21132,-92.6292
53,-1.05161,-93.9612
53.1,-10.4477,-91.5613
53.2,-19.6039,-85.451
53.3,-28.149,-75.8004
53.4,-35.729,-62.9248
53.5,-42.0215,-47.2748
53.6,-46.749,-29.4207
53.7,-49.691,-10.0327
53.8,-50.6943,10.1444
53.9,-49.6799,30.3192
54,-46.6479,49.6848
54.1,-41.6795,67.4503
54.2,-34.9344,82.873
54.3,-26.6471,95.2894
54.4,-17.1182,104.142
54.5,-6.70394,109.007
54.6,4.19674,109.608
54.7,15.1576,105.837
54.8,25.7413,97.7576
54.9,35.5171,85.606
55,44.0777,69.787
55.1,51.0564,50.8602
55.2,56.1424,29.5205
55.3,59.0944,6.57309
55.4,59.7517,-17.0961
55.5,58.0421,-40.5549
55.6,53.9866,-62.8607
55.7,47.7006,-83.0981
55.8,39.3908,-100.416
55.9,29.3491,-114.064
56,17.9427,-123.423
56.1,5.60041,-128.031
56.2,-7.20272,-127.611
56.3,-19.9638,-122.078
56.4,-32.1716,-111.551
56.5,-43.3266,-96.3509
56.6,-52.9617,-76.9932
56.7,-60.661,-54.1687
56.8,-66.0779,-28.7209
56.9,-68.95,-1.6153
57,-69.1115,26.097
57.1,-66.5018,53.3197
57.2,-61.1698,78.954
57.3,-53.2744,101.943
57.4,-43.0802,121.314
57.5,-30.9488,136.22
57.6,-17.3268,145.975
57.7,-2.72936,150.086
57.8,12.2792,148.276
57.9,27.1068,140.499
58,41.1567,126.946
58.1,53.8513,108.044
58.2,64.6557,84.443
58.3,73.1,56.9919
58.4,78.7992,26.712
58.5,81.4704,-5.24193
58.6,80.9462,-37.6253
58.7,77.1837,-69.1513
58.8,70.2686,-98.5417
58.9,60.4144,-124.578
59,47.9566,-146.153
59.1,33.3413,-162.312
59.2,17.1101,-172.302
59.3,-0.120118,-175.6
59.4,-17.6802,-171.94
59.5,-34.8742,-161.329
59.6,-51.0071,-144.053
59.7,-65.4125,-120.669
59.8,-77.4794,-91.9909
59.9,-86.6785,-59.0593
60,-92.5844,-23.1068
60.1,-94.8951,14.4891
60.2,-93.4462,52.2574
60.3,-88.2204,88.6907
60.4,-79.3514,122.305
60.5,-67.1209,151.7
60.6,-51.9509,175.614
60.7,-34.3895,192.982
60.8,-15.0913,202.978
60.9,5.20649,205.055
61,25.712,198.971
61.1,45.6091,184.807
61.2,64.0899,162.967
61.3,80.3866,134.172
61.4,93.8038,99.434
61.5,103.747,60.0238
61.6,109.75,17.4244
61.7,111.492,-26.7239
61.8,108.82,-70.6862
61.9,101.751,-112.7
62,90.481,-151.047
62.1,75.3763,-184.118
62.2,56.9645,-210.486
62.3,35.9159,-228.962
62.4,13.0196,-238.65
62.5,-10.8453,-238.984
62.6,-34.7438,-229.767
62.7,-57.7204,-211.174
62.8,-78.8378,-183.762
62.9,-97.214,-148.452
63,-112.059,-106.497
63.1,-122.709,-59.4434
63.2,-128.653,-9.07102
63.3,-129.56,42.6717
63.4,-125.293,93.7424
63.5,-115.919,142.085
63.6,-101.71,185.711
63.7,-83.1394,222.781
63.8,-60.8613,251.681
63.9,-35.6932,271.092
64,-8.58406,280.047
64.1,19.4206,277.98
64.2,47.2186,264.752
64.3,73.6938,240.669
64.4,97.7608,206.479
64.5,118.409,163.345
64.6,134.743,112.814
64.7,146.025,56.7608
64.8,151.701,-2.68423
64.9,151.432,-63.2108
65,145.111,-122.419
65.1,132.869,-177.915
65.2,115.078,-227.405
65.3,92.3371,-268.788
65.4,65.4583,-300.247
65.5,35.4337,-320.325
65.6,3.40113,-327.992
65.7,-29.3981,-322.693
65.8,-61.6674,-304.38
65.9,-92.1054,-273.525
66,-119.458,-231.113
66.1,-142.569,-178.607
66.2,-160.43,-117.907
66.3,-172.221,-51.2773
66.4,-177.348,18.7365
66.5,-175.475,89.4011
66.6,-166.535,157.903
66.7,-150.744,221.459
66.8,-128.598,277.427
66.9,-100.856,323.418
67,-68.5139,357.392
67.1,-32.7747,377.75
67.2,5.0003,383.405
67.3,43.3408,373.836
67.4,80.7244,349.123
67.5,115.637,309.951
67.6,146.632,257.597
67.7,172.392,193.893
67.8,191.781,121.158
67.9,203.897,42.1227
68,208.109,-40.1784
68.1,204.091,-122.518
68.2,191.839,-201.604
68.3,171.679,-274.208
68.4,144.258,-337.295
68.5,110.528,-388.153
68.6,71.7132,-424.501
68.7,29.2631,-444.596
68.8,-15.1966,-447.31
68.9,-59.9275,-432.185
69,-103.146,-399.47
69.1,-143.093,-350.122
69.2,-178.105,-285.783
69.3,-206.683,-208.725
69.4,-227.556,-121.777
69.5,-239.734,-28.2191
69.6,-242.556,68.3388
69.7,-235.722,164.094
69.8,-219.312,255.201
69.9,-193.792,337.922
70,-160,408.78
70.1,-119.122,464.705
70.2,-72.6515,503.159
70.3,-22.3355,522.257
70.4,29.8902,520.846
70.5,81.9748,498.573
70.6,131.832,455.912
70.7,177.423,394.161
70.8,216.839,315.408
70.9,248.38,222.464
71,270.626,118.763
71.1,282.503,8.23701
71.2,283.326,-104.829
71.3,272.844,-215.963
71.4,251.247,-320.681
71.5,219.179,-414.666
71.6,177.713,-493.945
71.7,128.318,-555.051
71.8,72.813,-595.177
71.9,13.2953,-612.299
72,-47.9346,-605.271
72.1,-108.462,-573.892
72.2,-165.851,-518.929
72.3,-217.744,-442.11
72.4,-261.955,-346.071
72.5,-296.562,-234.267
72.6,-319.989,-110.857
72.7,-331.074,19.4554
72.8,-329.129,151.596
72.9,-313.969,280.316
73,-285.938,400.397
73.1,-245.898,506.864
73.2,-195.211,595.186
73.3,-135.693,661.467
73.4,-69.5462,702.614
73.5,0.715231,716.481
73.6,72.3633,701.965
73.7,142.56,659.08
73.8,208.468,588.975
73.9,267.365,493.908
74,316.756,377.184
74.1,354.475,243.038
74.2,378.778,96.4872
74.3,388.427,-56.8539
74.4,382.742,-210.988
74.5,361.643,-359.764
74.6,325.666,-497.126
74.7,275.954,-617.35
74.8,214.219,-715.285
74.9,142.69,-786.567
75,64.0336,-827.811
75.1,-18.7476,-836.769
75.2,-102.424,-812.434
75.3,-183.668,-755.116
75.4,-259.179,-666.446
75.5,-325.824,-549.346
75.6,-380.759,-407.929
75.7,-421.552,-247.367
75.8,-446.288,-73.6991
75.9,-453.658,106.39
76,-443.019,285.826
76.1,-414.437,457.417
76.2,-368.695,614.143
76.3,-307.281,749.438
76.4,-232.337,857.462
76.5,-146.591,933.347
76.6,-53.2559,973.416
76.7,44.0857,975.35
76.8,141.621,938.309
76.9,235.452,862.995
77,321.751,751.654
77.1,396.917,608.021
77.2,457.719,437.194
77.3,501.438,245.462
77.4,525.984,40.0778
77.5,529.992,-171.017
77.6,512.89,-379.494
77.7,474.941,-576.96
77.8,417.245,-755.297
77.9,341.715,-906.989
78,251.016,-1025.44
78.1,148.473,-1105.23
78.2,37.9493,-1142.42
78.3,-76.2925,-1134.65
78.4,-189.757,-1081.34
78.5,-297.891,-983.709
78.6,-396.262,-844.779
78.7,-480.74,-669.278
78.8,-547.668,-463.497
78.9,-594.018,-235.059
79,-617.523,7.34872
79.1,-616.789,254.311
79.2,-591.358,496.04
79.3,-541.753,722.763
79.4,-469.477,925.109
79.5,-376.966,1094.5
79.6,-267.517,1223.49
79.7,-145.167,1306.13
79.8,-14.5541,1338.18
79.9,119.263,1317.33
80,250.997,1243.38
80.1,375.335,1118.21
80.2,487.156,945.817
80.3,581.738,732.138
80.4,654.952,484.9
80.5,703.442,213.321
80.6,724.774,-72.222
80.7,717.552,-360.587
80.8,681.493,-640.296
80.9,617.463,-899.987
81,527.465,-1128.87
81.1,414.577,-1317.18
81.2,282.859,-1456.57
81.3,137.202,-1540.48
81.4,-16.8457,-1564.45
81.5,-173.291,-1526.32
81.6,-325.923,-1426.38
81.7,-468.562,-1267.38
81.8,-595.3,-1054.51
81.9,-700.751,-795.202
82,-780.272,-498.898
82.1,-830.161,-176.711
82.2,-847.832,158.988
82.3,-831.934,495.041
82.4,-782.43,818.014
82.5,-700.628,1114.73
82.6,-589.156,1372.78
82.7,-451.878,1581.09
82.8,-293.769,1730.32
82.9,-120.737,1813.32
83,60.595,1825.45
83.1,243.14,1764.8
83.2,419.62,1632.35
83.3,582.855,1431.95
83.4,726.05,1170.27
83.5,843.077,856.547
83.6,928.732,502.285
83.7,978.961,120.847
83.8,991.045,-273.054
83.9,963.74,-663.911
84,897.349,-1036.03
84.1,793.746,-1374.15
84.2,656.331,-1664.06
84.3,489.925,-1893.21
84.4,300.603,-2051.22
84.5,95.4813,-2130.34
84.6,-117.552,-2125.82
84.7,-330.135,-2036.19
84.8,-533.753,-1863.31
84.9,-720.084,-1612.44
85,-881.328,-1292.06
85.1,-1010.53,-913.585
85.2,-1101.89,-491
85.3,-1150.99,-40.3233
85.4,-1155.02,420.98
85.5,-1112.93,874.67
85.6,-1025.46,1302.45
85.7,-895.215,1686.68
85.8,-726.547,2011.13
85.9,-525.433,2261.63
86,-299.27,2426.67
86.1,-56.6029,2497.95
86.2,193.192,2470.73
86.3,440.264,2344.14
86.4,674.678,2121.25
86.5,886.803,1809.05
86.6,1067.71,1418.25
86.7,1209.53,962.902
86.8,1305.82,459.93
86.9,1351.82,-71.4977
87,1344.67,-610.694
87.1,1283.6,-1136.25
87.2,1169.97,-1626.86
87.3,1007.29,-2062.21
87.4,801.065,-2423.78
87.5,558.687,-2695.63
87.6,289.123,-2865.1
87.7,2.61393,-2923.34
87.8,-289.72,-2865.82
87.9,-576.303,-2692.52
88,-845.554,-2408.05
88.1,-1086.36,-2021.56
88.2,-1288.52,-1546.49
88.3,-1443.16,-1000.05
88.4,-1543.17,-402.686
88.5,-1583.44,222.736
88.6,-1561.16,851.756
88.7,-1475.99,1459.29
88.8,-1330.06,2020.6
88.9,-1128,2512.31
89,-876.77,2913.36
89.1,-585.433,3205.9
89.2,-264.843,3376.06
89.3,72.7628,3414.57
89.4,414.22,3317.28
89.5,745.948,3085.34
89.6,1054.48,2725.36
89.7,1327.02,2249.16
89.8,1551.93,1673.47
89.9,1719.28,1019.32
90,1821.21,311.326
90.1,1852.35,-423.286
90.2,1810.02,-1155.66
90.3,1694.45,-1856.45
90.4,1508.81,-2497
90.5,1259.11,-3050.49
90.6,954.057,-3493.02
90.7,604.755,-3804.68
90.8,224.287,-3970.39
90.9,-172.752,-3980.6
91,-570.812,-3831.78
91.1,-953.99,-3526.72
91.2,-1306.66,-3074.49
91.3,-1614.11,-2490.24
91.4,-1863.14,-1794.69
91.5,-2042.6,-1013.44
91.6,-2143.95,-176.03
91.7,-2161.55,685.17
91.8,-2093.03,1536.19
91.9,-1939.42,2342.78
92,-1705.14,3071.79
92.1,-1397.96,3692.51
92.2,-1028.71,4177.94
92.3,-610.915,4505.97
92.4,-160.318,4660.31
92.5,305.713,4631.33
92.6,768.846,4416.52
92.7,1210.5,4020.75
92.8,1612.57,3456.24
92.9,1958.2,2742.18
93,2232.42,1904.16
93.1,2422.83,973.211
93.2,2520.15,-15.2858
93.3,2518.62,-1022.94
93.4,2416.33,-2009.83
93.5,2215.35,-2936.07
93.6,1921.74,-3763.39
93.7,1545.4,-4456.71
93.8,1099.73,-4985.64
93.9,601.166,-5325.72
94,68.5945,-5459.57
94.1,-477.363,-5377.72
94.2,-1015.13,-5079.12
94.3,-1523.05,-4571.38
94.4,-1980.18,-3870.64
94.5,-2367.25,-3001.05
94.6,-2667.35,-1994.03
94.7,-2866.76,-887.108
94.8,-2955.47,277.437
94.9,-2927.72,1454.18
95,-2782.31,2596.28
95.1,-2522.68,3657.38
95.2,-2156.94,4593.4
95.3,-1697.6,5364.41
95.4,-1161.16,5936.26
95.5,-567.533,6282.1
95.6,60.6771,6383.57
95.7,699.034,6231.73
95.8,1322.21,5827.58
95.9,1904.96,5182.25
96,2423.19,4316.71
96.1,2854.86,3261.2
96.2,3180.98,2054.14
96.3,3386.39,740.761
96.4,3460.47,-628.512
96.5,3397.62,-2000.03
96.6,3197.62,-3318.98
96.7,2865.72,-4531.54
96.8,2412.56,-5587.1
96.9,1853.85,-6440.29
97,1209.83,-7052.92
97.1,504.534,-7395.69
97.2,-235.036,-7449.49
97.3,-979.985,-7206.39
97.4,-1700.62,-6670.17
97.5,-2367.64,-5856.41
97.6,-2953.28,-4792.13
97.7,-3432.49,-3514.87
97.8,-3783.98,-2071.48
97.9,-3991.13,-516.356
98,-4042.77,1090.52
98.1,-3933.71,2685.92
98.2,-3665.12,4205.79
98.3,-3244.54,5587.82
98.4,-2685.76,6773.98
98.5,-2008.36,7712.9
98.6,-1237.07,8362.09
98.7,-400.863,8689.78
98.8,468.114,8676.43
98.9,1335.76,8315.75
99,2167.33,7615.24
99.1,2928.86,6596.1
99.2,3588.47,5292.73
99.3,4117.74,3751.59
99.4,4492.9,2029.57
99.5,4695.86,191.914
99.6,4715.05,-1690.17
99.7,4546.03,-3542.28
99.8,4191.8,-5289.75
99.9,3662.83,-6860.57
100,2976.77,-8188.39
100.1,2157.93,-9215.23
100.2,1236.41,-9894
100.3,247.007,-10190.6
100.4,-772.051,-10085.5
100.5,-1780.6,-9574.85
100.6,-2738.08,-8671.01
100.7,-3605.18,-7402.26
100.8,-4345.41,-5812.04
100.9,-4926.61,-3957.53
101,-5322.37,-1907.64
101.1,-5513.13,259.563
101.2,-5487.17,2459.72
101.3,-5241.2,4605.5
101.4,-4780.65,6609.97
101.5,-4119.65,8390.13
101.6,-3280.64,9870.29
101.7,-2293.61,10985.2
101.8,-1195.09,11683.1
101.9,-26.7801,11927.6
102,1165.98,11699.8
102.1,2335.96,10999.5
102.2,3435.91,9845.26
102.3,4420.44,8274.09
102.4,5247.84,6340.53
102.5,5881.9,4114.68
102.6,6293.37,1679.73
102.7,6461.34,-871.111
102.8,6374.23,-3438.12
102.9,6030.41,-5918.95
103,5438.52,-8212.64
103.1,4617.26,-10223.7
103.2,3594.89,-11866
103.3,2408.28,-13066.6
103.4,1101.63,-13768.4
103.5,-275.215,-13933.6
103.6,-1668.58,-13544.8
103.7,-3023.05,-12606.3
103.8,-4283.69,-11144.9
103.9,-5398.18,-9208.42
104,-6319.02,-6864.88
104.1,-7005.51,-4199.87
104.2,-7425.49,-1313.57
104.3,-7556.85,1683
104.4,-7388.55,4672.18
104.5,-6921.33,7534.25
104.6,-6167.91,10152.2
104.7,-5152.69,12416.4
104.8,-3911.05,14229.3
104.9,-2488.12,15509.2
105,-937.199,16194.4
105.1,682.238,16245.5
105.2,2306.78,15647.8
105.3,3871.56,14412.2
105.4,5312.78,12575.4
105.5,6570.32,10198.9
105.6,7590.21,7366.89
105.7,8326.9,4183.57
105.8,8745.25,769.241
105.9,8822.18,-2744.15
106,8547.76,-6218.03
106.1,7925.96,-9512.68
106.2,6974.69,-12492.7
106.3,5725.42,-15032.6
106.4,4222.16,-17022
106.5,2519.95,-18370.4
106.6,682.916,-19010.8
106.7,-1218.17,-18903.7
106.8,-3108.54,-18038.3
106.9,-4912.36,-16434
107,-6555.76,-14140.2
107.1,-7969.78,-11235
107.2,-9093.29,-7822.32
107.3,-9875.52,-4028.46
107.4,-10278.4,2.41532
107.5,-10278.1,4113.81
107.6,-9866.74,8142.89
107.7,-9052.46,11926.8
107.8,-7859.77,15309.4
107.9,-6328.84,18147.2
108,-4514.12,20315.9
108.1,-2482.53,21715.3
108.2,-310.996,22274.1
108.3,1916.42,21953.1
108.4,4111.73,20747.6
108.5,6186.49,18688.1
108.6,8055.3,15839.8
108.7,9639.28,12301
108.8,10869.4,8199.36
108.9,11689.3,3687.72
109,12058.1,-1061.66
109.1,11951.9,-5863.56
109.2,11365.6,-10527
109.3,10312.9,-14862.5
109.4,8826.61,-18690.3
109.5,6957.58,-21847.1
109.6,4772.87,-24193.1
109.7,2353.57,-25618.3
109.8,-208.259,-26047.2
109.9,-2812.98,-25442.9
110,-5357.27,-23808.7
110.1,-7738.14,-21189.5
110.2,-9857.09,-17670.4
110.3,-11624.1,-13374
110.4,-12961.5,-8456.81
110.5,-13807.2,-3102.96
110.6,-14117.5,2482.09
110.7,-13869.3,8079.55
110.8,-13061.3,13465.8
110.9,-11714.8,18421.1
111,-9872.66,22738.7
111.1,-7598.79,26233.1
111.2,-4975.48,28748
111.3,-2100.68,30163.4
111.4,915.657,30400.5
111.5,3955.7,29426.3
111.6,6898.33,27255.6
111.7,9623.89,23951.2
111.8,12019,19622.8
111.9,13981.3,14422.8
112,15423.6,8541.93
112.1,16277.8,2201.76
112.2,16497.9,-4353.28
112.3,16062.6,-10865.3
112.4,14976.1,-17072.9
112.5,13268.8,-22721.8
112.6,10996.6,-27574.8
112.7,8239.13,-31421.8
112.8,5096.95,-34089
112.9,1688.05,-35445.9
113,-1856.53,-35412.1
113.1,-5397.74,-33961.1
113.2,-8793.85,-31122.7
113.3,-11906.1,-26982.6
113.4,-14604.4,-21680.4
113.5,-16772.4,-15404.9
113.6,-18312.9,-8387.77
113.7,-19151.7,-894.751
113.8,-19241.2,6783.92
113.9,-18562.8,14344.8
114,-17128.3,21483.1
114.1,-14980,27904.9
114.2,-12189.5,33338.9
114.3,-8855.61,37548
114.4,-5100.81,40339.4
114.5,-1066.87,41573
114.6,3090.43,41168.4
114.7,7207.27,39109
114.8,11118.2,35444
114.9,14662.6,30287.9
115,17691.4,23817.2
115.1,20073.1,16264.5
115.2,21699.5,7910.03
115.3,22490.5,-927.879
115.4,22397.7,-9905.43
115.5,21407.2,-18666.3
115.6,19540.6,-26855.8
115.7,16855,-34134.8
115.8,13441.5,-40194
115.9,9422.11,-44766.6
116,4945.45,-47640
116.1,181.448,-48665.3
116.2,-4685.08,-47764.5
116.3,-9461.53,-44935
116.4,-13955,-40251.6
116.5,-17980.2,-33864.5
116.6,-21366.6,-25995
116.7,-23966.1,-16928.4
116.8,-25659,-7003.24
116.9,-26359.3,3400.52
117,-26019.3,13876.3
117.1,-24631.6,24006.6
117.2,-22231,33379.2
117.3,-18893,41604.1
117.4,-14732.6,48329.4
117.5,-9899.69,53255.9
117.6,-4574.1,56150.8
117.7,1040.98,56857.5
117.8,6726.73,55304.1
117.9,12257.1,51507.4
118,17407.9,45574.5
118.1,21965.3,37699.9
118.2,25735.3,28159.9
118.3,28551.3,17302.7
118.4,30281.6,5536.21
118.5,30835.2,-6687.04
118.6,30166.5,-18887.3
118.7,28277.8,-30576
118.8,25220.2,-41275.5
118.9,21092.6,-50538
119,16038.8,-57964.2
119.1,10242.4,-63220.3
119.2,3920.37,-66052.8
119.3,-2684.91,-66299.7
119.4,-9314.88,-63899.7
119.5,-15704.9,-58895.6
119.6,-21594.4,-51435.7
119.7,-26738,-41769.1
119.8,-30914.9,-30238.4
119.9,-33938.7,-17267.6
120,-35665.5,-3346.66
120.1,-36000.2,10986.6
120.2,-34901.5,25167
120.3,-32384.8,38624.4
120.4,-28522.4,50805.9
120.5,-23441.8,61198.8
120.6,-17321.9,69351.7
120.7,-10386.7,74893.5
120.8,-2897.38,77550.4
120.9,4857.66,77158.5
121,12573.5,73672.3
121.1,19940.7,67169.6
121.2,26657.7,57850
121.3,32442.7,46030
121.4,37045.7,32132.4
121.5,40258.9,16671.6
121.6,41926.1,234.691
121.7,41949.6,-16540.3
121.8,40295.5,-32989.3
121.9,36996.6,-48447.6
122,32151.8,-62277.2
122.1,25924.1,-73892.3
122.2,18534.9,-82784
122.3,10256.5,-88542.2
122.4,1402.29,-90873.8
122.5,-7685.1,-89617.2
122.6,-16646.8,-84750.7
122.7,-25121.9,-76396.8
122.8,-32761.6,-64820.1
122.9,-39243.6,-50418.9
123,-44285.5,-33713
123.1,-47656.8,-15324.5
123.2,-49189.2,4044.82
123.3,-48784.7,23639.7
123.4,-46420.8,42680.9
123.5,-42152.7,60395.7
123.6,-36113.1,76048.9
123.7,-28508.2,88973.3
123.8,-19610.9,98597.2
123.9,-9751.15,104470
124,695.82,106281
124.1,11323.9,103877
124.2,21711.6,97270
124.3,31438.6,86640.1
124.4,40102.6,72332
124.5,47335.8,54844.4
124.6,52820.3,34813.2
124.7,56301.6,12989
124.8,57600.5,-9791.34
124.9,56621.3,-32635.6
125,53357.8,-54631.3
125.1,47894.7,-74881.7
125.2,40406.5,-92541.8
125.3,31152.3,-106854
125.4,20466.9,-117177
125.5,8749.22,-123020
125.6,-3552.82,-124060
125.7,-15958.8,-120157
125.8,-27974.5,-111370
125.9,-39111.5,-97953.1
126,-48906.8,-80349.3
126.1,-56941.8,-59179.5
126.2,-62859.7,-35219.1
126.3,-66381.6,-9370.73
126.4,-67318.7,17369.4
126.5,-65581.8,43949.6
126.6,-61186.8,69303.4
126.7,-54256.5,92392.2
126.8,-45017.2,112247
126.9,-33792.5,128009
127,-20991.6,138966
127.1,-7095.02,144583
127.2,7363.32,144530
127.3,21816.3,138694
127.4,35685.7,127194
127.5,48405.1,110376
127.6,59442.7,88806.2
127.7,68323.3,63253.1
127.8,74648.6,34658.9
127.9,78114.5,4106.36
128,78525.1,-27221.5
128.1,75803,-58087
128.2,69994.3,-87246.3
128.3,61269.6,-113499
128.4,49919.7,-135737
128.5,36346.1,-152990
128.6,21047.1,-164468
128.7,4600.24,-169598
128.8,-12359.5,-168046
128.9,-29164.1,-159741
129,-45138.2,-144880
129.1,-59626.2,-123927
129.2,-72019,-97598.2
129.3,-81778.8,-66838.6
129.4,-88462.7,-32790.2
129.5,-91741.7,3250.78
129.6,-91416.6,39882.5
129.7,-87428.4,75651.6
129.8,-79863.2,109110
129.9,-68952.2,138873
130,-55064.9,163677
130.1,-38697.2,182429
130.2,-20454.3,194260
130.3,-1028.3,198556
130.4,18827.3,194997
130.5,38327,183566
130.6,56683.6,164564
130.7,73139.9,138599
130.8,86999.9,106571
130.9,97657,69640.1
131,104621,29184.6
131.1,107539,-13247.4
131.2,106215,-55998.2
131.3,100615,-97364
131.4,90878.5,-135663
131.5,77312.2,-169301
131.6,60382.2,-196839
131.7,40698.2,-217055
131.8,18992.7,-228993
131.9,-3906.64,-232011
132,-27107.7,-225808
132.1,-49688.5,-210448
132.2,-70733.3,-186364
132.3,-89369.7,-154343
132.4,-104804,-115508
132.5,-116355,-71276.4
132.6,-123482,-23308.9
132.7,-125813,26550.4
132.8,-123158,76344.8
132.9,-115524,124081
133,-103116,167809
133.1,-86334.8,205700
133.2,-65764.8,236120
133.3,-42152.9,257703
133.4,-16382.5,269410
133.5,10558.5,270575
133.6,37616,260940
133.7,63710.1,240675
133.8,87777.6,210378
133.9,108815,171059
134,125921,124112
134.1,138333,71261.5
134.2,145459,14503.3
134.3,146909,-43970.1
134.4,142512,-101854
134.5,132327,-156822
134.6,116644,-206616
134.7,95982.8,-249141
134.8,71068.7,-282551
134.9,42813.5,-305328
135,12280.8,-316347
135.1,-19353.9,-314932
135.2,-50847.1,-300892
135.3,-80936.2,-274535
135.4,-108390,-236670
135.5,-132057,-188580
135.6,-150915,-131986
135.7,-164113,-68980.1
135.8,-171011,-1955.06
135.9,-171207,66488.7
136,-164558,133642
136.1,-151194,196792
136.2,-131515,253334
136.3,-106181,300873
136.4,-76093.8,337328
136.5,-42361,361019
136.6,-6259.08,370743
136.7,30815.3,365832
136.8,67398.5,346190
136.9,102017,312307
137,133248,265254
137.1,159773,206649
137.2,180438,138607
137.3,194299,63659.7
137.4,200665,-15333.1
137.5,199132,-95292.3
137.6,189603,-173039
137.7,172299,-245419
137.8,147757,-309430
137.9,116814,-362344
138,80579.3,-401823
138.1,40397,-426018
138.2,-2204.79,-433656
138.3,-45570.4,-424101
138.4,-87980.5,-397391
138.5,-127720,-354251
138.6,-163145,-296078
138.7,-192752,-224898
138.8,-215242,-143299
138.9,-229572,-54336.2
139,-235006,38579.5
139.1,-231148,131810
139.2,-217967,221633
139.3,-195803,304387
139.4,-165365,376621
139.5,-127703,435235
139.6,-84179.1,477611
139.7,-36418,501731
139.8,13755.1,506263
139.9,64381.4,490636
140,113445,455071
140.1,158952,400592
140.2,199011,328999
140.3,231911,242815
140.4,256193,145194
140.5,270712,39813.1
140.6,274693,-69267.9
140.7,267767,-177760
140.8,249991,-281311
140.9,221859,-375681
141,184291,-456911
141.1,138600,-521489
141.2,86451.3,-566500
141.3,29801.4,-589750
141.4,-29173.6,-589875
141.5,-88161.1,-566408
141.6,-144802,-519816
141.7,-196784,-451498
141.8,-241933,-363755
141.9,-278309,-259706
142,-304280,-143189
142.1,-318598,-18612.9
142.2,-320460,109199
142.3,-309540,235199
142.4,-286020,354311
142.5,-250589,461633
142.6,-204426,552636
142.7,-149162,623353
142.8,-86826.7,670551
142.9,-19771.6,691871
143,49415.5,685942
143.1,118010,652457
143.2,183255,592204
143.3,242476,507058
143.4,293182,399927
143.5,333174,274656
143.6,360640,135893
143.7,374229,-11080.9
143.8,373121,-160551
143.9,357066,-306588
144,326407,-443283
144.1,282079,-564980
144.2,225581,-666512
144.3,158930,-743414
144.4,84588.4,-792117
144.5,5376.66,-810110
144.6,-75634.4,-796059
144.7,-155240,-749884
144.8,-230229,-672790
144.9,-297508,-567242
145,-354232,-436894
145.1,-397921,-286464
145.2,-426568,-121566
145.3,-438724,51492.6
145.4,-433575,225953
145.5,-410980,394864
145.6,-371493,551358
145.7,-316358,688929
145.8,-247465,801693
145.9,-167295,884645
146,-78830.8,933870
146.1,14556.2,946726
146.2,109229,921969
146.3,201426,859838
146.4,287409,762071
146.5,363617,631866
146.6,426803,473782
146.7,474181,293585
146.8,503540,98041.1
146.9,513344,-105336
147,502810,-308566
147.1,471954,-503519
147.2,421602,-682230
147.3,353379,-837226
147.4,269656,-961833
147.5,173473,-1.05046e+06
147.6,68427.1,-1.09884e+06
147.7,-41456.8,-1.10423e+06
147.8,-151880,-1.06557e+06
147.9,-258437,-983502
148,-356787,-860457
148.1,-442832,-700533
148.2,-512886,-509389
148.3,-563825,-294047
148.4,-593229,-62636.2
148.5,-599493,175908
148.6,-581902,412188
148.7,-540683,636705
148.8,-477013,840244
148.9,-392989,1.01424e+06
149,-291564,1.15116e+06
149.1,-176449,1.24476e+06
149.2,-51972.8,1.29044e+06
149.3,77071.4,1.28542e+06
149.4,205614,1.22889e+06
149.5,328502,1.12206e+06
149.6,440708,968220
149.7,537531,772573
149.8,614788,542109
149.9,668999,285352
150,697534,12045.5
150.1,698738,-267209
150.2,672018,-541360
150.3,617882,-799340
150.4,537948,-1.03051e+06
150.5,434897,-1.22507e+06
150.6,312390,-1.37453e+06
150.7,174936,-1.472e+06
150.8,27736.8,-1.51253e+06
150.9,-123516,-1.49338e+06
151,-272854,-1.4141e+06
151.1,-414264,-1.27668e+06
151.2,-541932,-1.08544e+06
151.3,-650475,-846957
151.4,-735171,-569827
151.5,-792154,-264362
151.6,-818590,57786.7
151.7,-812811,384067
151.8,-774405,701510
151.9,-704254,997242
152,-604529,1.259e+06
152.1,-478630,1.47563e+06
152.2,-331066,1.63757e+06
152.3,-167309,1.73725e+06
152.4,6415.1,1.76942e+06
152.5,183358,1.73147e+06
152.6,356505,1.6235e+06
152.7,518854,1.44843e+06
152.8,663697,1.21192e+06
152.9,784888,922199
153,877108,589800
153.1,936088,227160
153.2,958804,-151818
153.3,943623,-532303
153.4,890392,-899106
153.5,800482,-1.23728e+06
153.6,676753,-1.53273e+06
153.7,523481,-1.77277e+06
153.8,346203,-1.94671e+06
153.9,151532,-2.04626e+06
154,-53093.7,-2.06595e+06
154.1,-259688,-2.00339e+06
154.2,-460027,-1.85945e+06
154.3,-645972,-1.63825e+06
154.4,-809796,-1.34709e+06
154.5,-944506,-996232
154.6,-1.04413e+06,-598505
154.7,-1.10398e+06,-168883
154.8,-1.12087e+06,276086
154.9,-1.09326e+06,718912
155,-1.02137e+06,1.14184e+06
155.1,-907184,1.52755e+06
155.2,-754429,1.85987e+06
155.3,-568442,2.12444e+06
155.4,-355998,2.30933e+06
155.5,-125065,2.40555e+06
155.6,115490,2.40746e+06
155.7,356236,2.31312e+06
155.8,587548,2.12436e+06
155.9,799984,1.84685e+06
156,984669,1.48992e+06
156.1,1.13366e+06,1.06626e+06
156.2,1.24029e+06,591467
156.3,1.29943e+06,83523.1
156.4,1.30779e+06,-437921
156.5,1.26399e+06,-952276
156.6,1.16877e+06,-1.43883e+06
156.7,1.02488e+06,-1.87756e+06
156.8,837127,-2.24996e+06
156.9,612131,-2.53981e+06
157,358150,-2.73387e+06
157.1,84763.4,-2.82245e+06
157.2,-197482,-2.79991e+06
157.3,-477472,-2.66492e+06
157.4,-743964,-2.42063e+06
157.5,-986027,-2.07463e+06
157.6,-1.19349e+06,-1.63873e+06
157.7,-1.35736e+06,-1.12856e+06
157.8,-1.47022e+06,-563040
157.9,-1.52652e+06,36308
158,-1.52289e+06,646191
158.1,-1.45827e+06,1.24242e+06
158.2,-1.33403e+06,1.80088e+06
158.3,-1.15394e+06,2.29848e+06
158.4,-924094,2.71409e+06
158.5,-652685,3.02944e+06
158.6,-349741,3.22993e+06
158.7,-26748.3,3.30522e+06
158.8,303774,3.24982e+06
158.9,628756,3.06331e+06
159,935088,2.75054e+06
159.1,1.21014e+06,2.3215e+06
159.2,1.44229e+06,1.79101e+06
159.3,1.62139e+06,1.17828e+06
159.4,1.73922e+06,506153
159.5,1.78984e+06,-199658
159.6,1.76987e+06,-911600
159.7,1.67871e+06,-1.60132e+06
159.8,1.51858e+06,-2.24077e+06
159.9,1.2945e+06,-2.80339e+06
160,1.01416e+06,-3.26512e+06
160.1,687650,-3.60548e+06
160.2,327102,-3.80843e+06
160.3,-53741.6,-3.86311e+06
160.4,-440052,-3.76435e+06
160.5,-816487,-3.51304e+06
160.6,-1.16779e+06,-3.11618e+06
160.7,-1.47941e+06,-2.58674e+06
160.8,-1.73808e+06,-1.94325e+06
160.9,-1.93241e+06,-1.20915e+06
161,-2.05332e+06,-412000
161.1,-2.09452e+06,417569
161.2,-2.05277e+06,1.24703e+06
161.3,-1.92806e+06,2.04319e+06
161.4,-1.72374e+06,2.77355e+06
161.5,-1.44639e+06,3.40758e+06
161.6,-1.10563e+06,3.91799e+06
161.7,-713832,4.28188e+06
161.8,-285644,4.48177e+06
161.9,162533,4.5064e+06
162,613173,4.35125e+06
162.1,1.0483e+06,4.01896e+06
162.2,1.45019e+06,3.51926e+06
162.3,1.80212e+06,2.8688e+06
162.4,2.089e+06,2.09058e+06
162.5,2.29806e+06,1.21316e+06
162.6,2.41937e+06,269677
162.7,2.44634e+06,-703466
162.8,2.376e+06,-1.66793e+06
162.9,2.2092e+06,-2.58497e+06
163,1.9507e+06,-3.41695e+06
163.1,1.60901e+06,-4.1289e+06
163.2,1.19612e+06,-4.68992e+06
163.3,727128,-5.07457e+06
163.4,219670,-5.26393e+06
163.5,-306723,-5.24652e+06
163.6,-831375,-5.0189e+06
163.7,-1.33326e+06,-4.58597e+06
163.8,-1.79186e+06,-3.96095e+06
163.9,-2.18796e+06,-3.16498e+06
164,-2.50446e+06,-2.2265e+06
164.1,-2.72711e+06,-1.18019e+06
164.2,-2.84512e+06,-65742.8
164.3,-2.8517e+06,1.07362e+06
164.4,-2.74434e+06,2.19283e+06
164.5,-2.52505e+06,3.24671e+06
164.6,-2.20038e+06,4.19179e+06
164.7,-1.7812e+06,4.98811e+06
164.8,-1.28239e+06,5.60083e+06
164.9,-722309,6.00177e+06
165,-122132,6.17066e+06
165.1,494934,6.0961e+06
165.2,1.10454e+06,5.7762e+06
165.3,1.68216e+06,5.21886e+06
165.4,2.20405e+06,4.44162e+06
165.5,2.64821e+06,3.47117e+06
165.6,2.99533e+06,2.34246e+06
165.7,3.22957e+06,1.09748e+06
165.8,3.33932e+06,-216302
165.9,3.31769e+06,-1.5477e+06
166,3.16292e+06,-2.84383e+06
166.1,2.87854e+06,-4.05212e+06
166.2,2.47333e+06,-5.12249e+06
166.3,1.96108e+06,-6.00937e+06
166.4,1.36014e+06,-6.67362e+06
166.5,692779,-7.0842e+06
166.6,-15641.1,-7.21963e+06
166.7,-737604,-7.06898e+06
166.8,-1.4445e+06,-6.63256e+06
166.9,-2.10776e+06,-5.92211e+06
167,-2.69997e+06,-4.96056e+06
167.1,-3.19602e+06,-3.78136e+06
167.2,-3.57416e+06,-2.42733e+06
167.3,-3.81689e+06,-949114
167.4,-3.9118e+06,596625
167.5,-3.85214e+06,2.14941e+06
167.6,-3.6372e+06,3.64728e+06
167.7,-3.27247e+06,5.02922e+06
167.8,-2.76955e+06,6.23762e+06
167.9,-2.14579e+06,7.22069e+06
168,-1.42372e+06,7.93459e+06
168.1,-630260,8.34539e+06
168.2,204279,8.43058e+06
168.3,1.04734e+06,8.18026e+06
168.4,1.86536e+06,7.59772e+06
168.5,2.62514e+06,6.69962e+06
168.6,3.2951e+06,5.51557e+06
168.7,3.84666e+06,4.08722e+06
168.8,4.25538e+06,2.46682e+06
168.9,4.50206e+06,715331
169,4.57359e+06,-1.0998e+06
169.1,4.46361e+06,-2.90724e+06
169.2,4.17289e+06,-4.63454e+06
169.3,3.70943e+06,-6.21101e+06
169.4,3.08833e+06,-7.57056e+06
169.5,2.33128e+06,-8.65448e+06
169.6,1.46583e+06,-9.4139e+06
169.7,524440,-9.81196e+06
169.8,-456756,-9.82549e+06
169.9,-1.43931e+06,-9.44628e+06
170,-2.38393e+06,-8.68163e+06
170.1,-3.2521e+06,-7.55443e+06
170.2,-4.00754e+06,-6.1025e+06
170.3,-4.61779e+06,-4.37743e+06
170.4,-5.05553e+06,-2.44277e+06
170.5,-5.29981e+06,-371701
170.6,-5.33698e+06,1.75566e+06
170.7,-5.16141e+06,3.85534e+06
170.8,-4.77588e+06,5.84279e+06
170.9,-4.1916e+06,7.63629e+06
171,-3.42797e+06,9.16021e+06
171.1,-2.51195e+06,1.03482e+07
171.2,-1.47713e+06,1.1146e+07
171.3,-362531,1.15139e+07
171.4,788863,1.14287e+07
171.5,1.93173e+06,1.08846e+07
171.6,3.02019e+06,9.89417e+06
171.7,4.0096e+06,8.48821e+06
171.8,4.85842e+06,6.71461e+06
171.9,5.52989e+06,4.63695e+06
172,5.99358e+06,2.33225e+06
172.1,6.22681e+06,-111823
172.2,6.21562e+06,-2.60031e+06
172.3,5.95559e+06,-5.03455e+06
172.4,5.45214e+06,-7.3161e+06
172.5,4.72053e+06,-9.35063e+06
172.6,3.78546e+06,-1.10518e+07
172.7,2.68028e+06,-1.2345e+07
172.8,1.44578e+06,-1.31702e+07
172.9,128765,-1.34851e+07
173,-1.21974e+06,-1.32669e+07
173.1,-2.54644e+06,-1.25137e+07
173.2,-3.7978e+06,-1.12448e+07
173.3,-4.92228e+06,-9.5008e+06
173.4,-5.87236e+06,-7.34187e+06
173.5,-6.60655e+06,-4.84609e+06
173.6,-7.09116e+06,-2.10655e+06
173.7,-7.30182e+06,772048
173.8,-7.22461e+06,3.67733e+06
173.9,-6.85688e+06,6.49363e+06
174,-6.20751e+06,9.10651e+06
174.1,-5.29686e+06,1.14074e+07
174.2,-4.15612e+06,1.3298e+07
174.3,-2.82633e+06,1.46945e+07
174.4,-1.35688e+06,1.55311e+07
174.5,196232,1.57632e+07
174.6,1.77256e+06,1.53695e+07
174.7,3.30951e+06,1.43531e+07
174.8,4.74481e+06,1.27422e+07
174.9,6.01903e+06,1.05894e+07
175,7.07798e+06,7.97004e+06
175.1,7.87498e+06,4.97945e+06
175.2,8.37293e+06,1.72987e+06
175.3,8.54591e+06,-1.6539e+06
175.4,8.38052e+06,-5.03919e+06
175.5,7.8766e+06,-8.29061e+06
175.6,7.04754e+06,-1.12754e+07
175.7,5.92e+06,-1.3869e+07
175.8,4.5331e+06,-1.59596e+07
175.9,2.93715e+06,-1.74536e+07
176,1.19178e+06,-1.82794e+07
176.1,-636157,-1.83905e+07
176.2,-2.47521e+06,-1.77683e+07
176.3,-4.25204e+06,-1.64228e+07
176.4,-5.89432e+06,-1.43935e+07
176.5,-7.33367e+06,-1.17479e+07
176.6,-8.50846e+06,-8.57951e+06
176.7,-9.36642e+06,-5.00454e+06
176.8,-9.86687e+06,-1.15788e+06
176.9,-9.98266e+06,2.81203e+06
177,-9.70146e+06,6.74885e+06
177.1,-9.02657e+06,1.04945e+07
177.2,-7.97712e+06,1.38952e+07
177.3,-6.58761e+06,1.68081e+07
177.4,-4.90679e+06,1.9107e+07
177.5,-2.99609e+06,2.06876e+07
177.6,-927330,2.14723e+07
177.7,1.2199e+06,2.14138e+07
177.8,3.36127e+06,2.04975e+07
177.9,5.41103e+06,1.87431e+07
178,7.28533e+06,1.62038e+07
178.1,8.90571e+06,1.29656e+07
178.2,1.02023e+07,9.14399e+06
178.3,1.11167e+07,4.8802e+06
178.4,1.16047e+07,335929
178.5,1.16383e+07,-4.31267e+06
178.6,1.1207e+07,-8.88173e+06
178.7,1.03188e+07,-1.31869e+07
178.8,9.00016e+06,-1.70507e+07
178.9,7.29509e+06,-2.03097e+07
179,5.26411e+06,-2.28216e+07
179.1,2.98195e+06,-2.44708e+07
179.2,534873,-2.51742e+07
179.3,-1.98254e+06,-2.48846e+07
179.4,-4.47101e+06,-2.35939e+07
179.5,-6.8304e+06,-2.13336e+07
179.6,-8.96376e+06,-1.81748e+07
179.7,-1.07812e+07,-1.42258e+07
179.8,-1.22038e+07,-9.62879e+06
179.9,-1.31667e+07,-4.55469e+06
180,-1.36222e+07,803089
180.1,-1.35419e+07,6.2359e+06
180.2,-1.29183e+07,1.15279e+07
180.3,-1.17655e+07,1.64647e+07
180.4,-1.0119e+07,2.08416e+07
180.5,-8.03486e+06,2.44723e+07
180.6,-5.58762e+06,2.71968e+07
180.7,-2.86794e+06,2.8888e+07
180.8,20858.5,2.94574e+07
180.9,2.9666e+06,2.88599e+07
181,5.85258e+06,2.7096e+07
181.1,8.56219e+06,2.42131e+07
181.2,1.09835e+07,2.0304e+07
181.3,1.30139e+07,1.55045e+07
181.4,1.45643e+07,9.98883e+06
181.5,1.55632e+07,3.96332e+06
181.6,1.59596e+07,-2.34124e+06
181.7,1.57254e+07,-8.67824e+06
181.8,1.48576e+07,-1.47948e+07
181.9,1.33781e+07,-2.0442e+07
182,1.13339e+07,-2.53844e+07
182.1,8.79548e+06,-2.94103e+07
182.2,5.85446e+06,-3.23403e+07
182.3,2.62043e+06,-3.40352e+07
182.4,-783095,-3.44027e+07
182.5,-4.22337e+06,-3.34014e+07
182.6,-7.56351e+06,-3.1044e+07
182.7,-1.06679e+07,-2.73978e+07
182.8,-1.34077e+07,-2.25826e+07
182.9,-1.5666e+07,-1.67679e+07
183,-1.73427e+07,-1.01662e+07
183.1,-1.83594e+07,-3.02575e+06
183.2,-1.86619e+07,4.37851e+06
183.3,-1.82241e+07,1.17557e+07
183.4,-1.70485e+07,1.88102e+07
183.5,-1.51675e+07,2.52534e+07
183.6,-1.26421e+07,3.08154e+07
183.7,-9.56061e+06,3.52559e+07
183.8,-6.03502e+06,3.8375e+07
183.9,-2.19752e+06,4.00215e+07
184,1.80464e+06,4.01001e+07
184.1,5.81465e+06,3.85763e+07
184.2,9.67228e+06,3.54789e+07
184.3,1.32202e+07,3.09004e+07
184.4,1.63102e+07,2.49943e+07
184.5,1.88096e+07,1.79703e+07
184.6,2.06067e+07,1.00871e+07
184.7,2.16154e+07,1.64268e+06
184.8,2.17796e+07,-7.03633e+06
184.9,2.1076e+07,-1.56075e+07
185,1.95153e+07,-2.37257e+07
185.1,1.71427e+07,-3.10573e+07
185.2,1.4037e+07,-3.72932e+07
185.3,1.03076e+07,-4.21622e+07
185.4,6.09143e+06,-4.5442e+07
185.5,1.54723e+06,-4.69697e+07
185.6,-3.14974e+06,-4.66492e+07
185.7,-7.81466e+06,-4.44563e+07
185.8,-1.22603e+07,-4.04413e+07
185.9,-1.63044e+07,-3.47284e+07
186,-1.97773e+07,-2.7512e+07
186.1,-2.25285e+07,-1.90509e+07
186.2,-2.44336e+07,-9.65849e+06
186.3,-2.53994e+07,308104
186.4,-2.53686e+07,1.04617e+07
186.5,-2.43224e+07,2.03999e+07
186.6,-2.22824e+07,2.97209e+07
186.7,-1.93104e+07,3.80394e+07
186.8,-1.55064e+07,4.50028e+07
186.9,-1.10061e+07,5.03053e+07
187,-5.9756e+06,5.37016e+07
187.1,-605431,5.50179e+07
187.2,4.89635e+06,5.41597e+07
187.3,1.03123e+07,5.11179e+07
187.4,1.54241e+07,4.59706e+07
187.5,2.00212e+07,3.88816e+07
187.6,2.39093e+07,3.00955e+07
187.7,2.69189e+07,1.99298e+07
187.8,2.89119e+07,8.76369e+06
187.9,2.97882e+07,-2.97633e+06
188,2.94906e+07,-1.48321e+07
188.1,2.80074e+07,-2.63317e+07
188.2,2.53742e+07,-3.7008e+07
188.3,2.16734e+07,-4.64176e+07
188.4,1.70317e+07,-5.41586e+07
188.5,1.16158e+07,-5.98881e+07
188.6,5.627e+06,-6.33366e+07
188.7,-706660,-6.43207e+07
188.8,-7.13873e+06,-6.27516e+07
188.9,-1.34139e+07,-5.86411e+07
189,-1.9278e+07,-5.21027e+07
189.1,-2.44883e+07,-4.33495e+07
189.2,-2.88232e+07,-3.26872e+07
189.3,-3.20919e+07,-2.05041e+07
189.4,-3.41424e+07,-7.25728e+06
189.5,-3.48681e+07,6.54481e+06
189.6,-3.42136e+07,2.03611e+07
189.7,-3.21775e+07,3.36394e+07
189.8,-2.88135e+07,4.58376e+07
189.9,-2.42298e+07,5.64462e+07
190,-1.85852e+07,6.50092e+07
190.1,-1.20842e+07,7.11431e+07
190.2,-4.96993e+06,7.45539e+07
190.3,2.48546e+06,7.50508e+07
190.4,9.99055e+06,7.25556e+07
190.5,1.72461e+07,6.71083e+07
190.6,2.39569e+07,5.88677e+07
190.7,2.98437e+07,4.81076e+07
190.8,3.46545e+07,3.52079e+07
190.9,3.81753e+07,2.0642e+07
191,4.02395e+07,4.95904e+06
191.1,4.07354e+07,-1.12359e+07
191.2,3.96118e+07,-2.73053e+07
191.3,3.68812e+07,-4.26039e+07
191.4,3.26208e+07,-5.65044e+07
191.5,2.69704e+07,-6.84226e+07
191.6,2.01281e+07,-7.78423e+07
191.7,1.23439e+07,-8.43367e+07
191.8,3.91024e+06,-8.75876e+07
191.9,-4.84852e+06,-8.73999e+07
192,-1.35885e+07,-8.37125e+07
192.1,-2.19598e+07,-7.66028e+07
192.2,-2.962e+07,-6.62869e+07
192.3,-3.62487e+07,-5.31131e+07
192.4,-4.156e+07,-3.75514e+07
192.5,-4.53152e+07,-2.01763e+07
192.6,-4.73328e+07,-1.64673e+06
192.7,-4.74975e+07,1.73193e+07
192.8,-4.57656e+07,3.59719e+07
192.9,-4.21684e+07,5.35587e+07
193,-3.68125e+07,6.93549e+07
193.1,-2.9877e+07,8.26928e+07
193.2,-2.16077e+07,9.29897e+07
193.3,-1.23087e+07,9.9773e+07
193.4,-2.33144e+06,1.02701e+08
193.5,7.93866e+06,1.0158e+08
193.6,1.80966e+07,9.63726e+07
193.7,2.77339e+07,8.72065e+07
193.8,3.64545e+07,7.43688e+07
193.9,4.38914e+07,5.82996e+07
194,4.97214e+07,3.9577e+07
194.1,5.36791e+07,1.8897e+07
194.2,5.55688e+07,-2.95261e+06
194.3,5.52735e+07,-2.51211e+07
194.4,5.27614e+07,-4.6728e+07
194.5,4.80886e+07,-6.6898e+07
194.6,4.13988e+07,-8.47955e+07
194.7,3.29192e+07,-9.96591e+07
194.8,2.29533e+07,-1.10834e+08
194.9,1.187e+07,-1.17798e+08
195,90131,-1.2019e+08
195.1,-1.19289e+07,-1.17823e+08
195.2,-2.37112e+07,-1.10695e+08
195.3,-3.47806e+07,-9.89962e+07
195.4,-4.46802e+07,-8.3104e+07
195.5,-5.29906e+07,-6.35699e+07
195.6,-5.93476e+07,-4.11022e+07
195.7,-6.34578e+07,-1.65411e+07
195.8,-6.51119e+07,9.17285e+06
195.9,-6.41947e+07,3.50342e+07
196,-6.06912e+07,6.00114e+07
196.1,-5.46901e+07,8.30876e+07
196.2,-4.63814e+07,1.03302e+08
196.3,-3.60512e+07,1.19788e+08
196.4,-2.40723e+07,1.31813e+08
196.5,-1.0891e+07,1.38806e+08
196.6,2.98957e+06,1.40386e+08
196.7,1.70282e+07,1.36383e+08
196.8,3.06664e+07,1.26844e+08
196.9,4.33508e+07,1.1204e+08
197,5.45548e+07,9.2459e+07
197.1,6.38007e+07,6.87879e+07
197.2,7.06795e+07,4.18919e+07
197.3,7.48687e+07,1.27822e+07
197.4,7.61469e+07,-1.74209e+07
197.5,7.44048e+07,-4.75312e+07
197.6,6.96517e+07,-7.63425e+07
197.7,6.20175e+07,-1.02676e+08
197.8,5.17498e+07,-1.2543e+08
197.9,3.92068e+07,-1.43621e+08
198,2.48447e+07,-1.56431e+08
198.1,9.20158e+06,-1.63241e+08
198.2,-7.1225e+06,-1.63657e+08
198.3,-2.34881e+07,-1.57534e+08
198.4,-3.92416e+07,-1.44988e+08
198.5,-5.37404e+07,-1.26392e+08
198.6,-6.63796e+07,-1.02368e+08
198.7,-7.66164e+07,-7.37688e+07
198.8,-8.39933e+07,-4.16469e+07
198.9,-8.8158e+07,-7.2166e+06
199,-8.88797e+07,2.81909e+07
199.1,-8.60606e+07,6.3179e+07
199.2,-7.97427e+07,9.63396e+07
199.3,-7.01087e+07,1.2631e+08
199.4,-5.74777e+07,1.51827e+08
199.5,-4.2295e+07,1.71782e+08
199.6,-2.51168e+07,1.85264e+08
199.7,-6.59042e+06,1.91606e+08
199.8,1.25701e+07,1.9041e+08
199.9,3.16111e+07,1.81573e+08
200,4.97684e+07,1.65297e+08
200.1,6.62982e+07,1.42084e+08
200.2,8.05066e+07,1.12723e+08
200.3,9.17789e+07,7.82661e+07
200.4,9.96055e+07,3.99892e+07
200.5,1.03604e+08,-652807
200.6,1.03539e+08,-4.20815e+07
200.7,9.9331e+07,-8.26556e+07
200.8,9.10655e+07,-1.20735e+08
200.9,7.8992e+07,-1.54746e+08
201,6.35173e+07,-1.83248e+08
201.1,4.51925e+07,-2.0499e+08
201.2,2.46935e+07,-2.18967e+08
201.3,2.79676e+06,-2.24465e+08
201.4,-1.96498e+07,-2.21095e+08
201.5,-4.17593e+07,-2.08813e+08
201.6,-6.26406e+07,-1.87933e+08
201.7,-8.14339e+07,-1.59118e+08
201.8,-9.73457e+07,-1.23362e+08
201.9,-1.09682e+08,-8.19567e+07
202,-1.17878e+08,-3.64448e+07
202.1,-1.21522e+08,1.14351e+07
202.2,-1.20379e+08,5.98152e+07
202.3,-1.14397e+08,1.0677e+08
202.4,-1.0372e+08,1.50394e+08
202.5,-8.86806e+07,1.88874e+08
202.6,-6.97932e+07,2.20569e+08
202.7,-4.77364e+07,2.44075e+08
202.8,-2.33289e+07,2.58288e+08
202.9,2.49985e+06,2.62453e+08
203,2.87452e+07,2.56204e+08
203.1,5.43656e+07,2.39582e+08
203.2,7.83239e+07,2.13044e+08
203.3,9.96283e+07,1.77454e+08
203.4,1.17374e+08,1.34054e+08
203.5,1.30779e+08,8.4423e+07
203.6,1.39221e+08,3.04229e+07
203.7,1.42264e+08,-2.58741e+07
203.8,1.39676e+08,-8.22621e+07
203.9,1.3145e+08,-1.36487e+08
204,1.17801e+08,-1.86338e+08
204.1,9.91675e+07,-2.29731e+08
204.2,7.61944e+07,-2.64804e+08
204.3,4.9714e+07,-2.89985e+08
204.4,2.07155e+07,-3.04071e+08
204.5,-9.69164e+06,-3.06276e+08
204.6,-4.03193e+07,-2.96274e+08
204.7,-6.99466e+07,-2.74221e+08
204.8,-9.73687e+07,-2.40758e+08
204.9,-1.21444e+08,-1.96995e+08
205,-1.41144e+08,-1.44477e+08
205.1,-1.55592e+08,-8.51302e+07
205.2,-1.64105e+08,-2.11909e+07
205.3,-1.66224e+08,4.48748e+07
205.4,-1.61736e+08,1.10467e+08
205.5,-1.5069e+08,1.72952e+08
205.6,-1.33394e+08,2.29769e+08
205.7,-1.10418e+08,2.78531e+08
205.8,-8.25644e+07,3.17128e+08
205.9,-5.08517e+07,3.43811e+08
206,-1.64706e+07,3.57275e+08
206.1,1.9257e+07,3.56718e+08
206.2,5.49288e+07,3.41881e+08
206.3,8.91169e+07,3.13072e+08
206.4,1.20424e+08,2.71164e+08
206.5,1.4754e+08,2.17571e+08
206.6,1.69297e+08,1.54203e+08
206.7,1.84718e+08,8.34001e+07
206.8,1.93058e+08,7.845e+06
206.9,1.93842e+08,-6.9535e+07
207,1.86889e+08,-1.45681e+08
207.1,1.72321e+08,-2.17523e+08
207.2,1.50568e+08,-2.82101e+08
207.3,1.22358e+08,-3.36686e+08
207.4,8.86896e+07,-3.78896e+08
207.5,5.08001e+07,-4.06794e+08
207.6,1.01207e+07,-4.18978e+08
207.7,-3.17771e+07,-4.14647e+08
207.8,-7.32418e+07,-3.93643e+08
207.9,-1.12606e+08,-3.56473e+08
208,-1.48253e+08,-3.04301e+08
208.1,-1.78684e+08,-2.38914e+08
208.2,-2.02575e+08,-1.62662e+08
208.3,-2.18841e+08,-7.83791e+07
208.4,-2.26679e+08,1.0725e+07
208.5,-2.25607e+08,1.01182e+08
208.6,-2.15488e+08,1.89401e+08
208.7,-1.96548e+08,2.71808e+08
208.8,-1.69367e+08,3.44992e+08
208.9,-1.34868e+08,4.05839e+08
209,-9.42844e+07,4.51669e+08
209.1,-4.91175e+07,4.8035e+08
209.2,-1.08252e+06,4.9039e+08
209.3,4.79564e+07,4.81015e+08
209.4,9.60579e+07,4.52212e+08
209.5,1.41279e+08,4.04745e+08
209.6,1.81754e+08,3.40138e+08
209.7,2.15767e+08,2.60634e+08
209.8,2.41831e+08,1.69114e+08
209.9,2.58742e+08,6.89996e+07
210,2.65642e+08,-3.58773e+07
210.1,2.62054e+08,-1.41417e+08
210.2,2.47913e+08,-2.4341e+08
210.3,2.23572e+08,-3.37707e+08
210.4,1.89801e+08,-4.20381e+08
210.5,1.47763e+08,-4.87894e+08
210.6,9.89735e+07,-5.37242e+08
210.7,4.52493e+07,-5.66086e+08
210.8,-1.13593e+07,-5.72864e+08
210.9,-6.86457e+07,-5.56863e+08
211,-1.24332e+08,-5.18268e+08
211.1,-1.76159e+08,-4.58169e+08
211.2,-2.21976e+08,-3.78543e+08
211.3,-2.5983e+08,-2.82181e+08
211.4,-2.88048e+08,-1.72606e+08
211.5,-3.05309e+08,-5.39344e+07
211.6,-3.10702e+08,6.92677e+07
211.7,-3.03775e+08,1.92163e+08
211.8,-2.84559e+08,3.0983e+08
211.9,-2.53576e+08,4.17457e+08
212,-2.1183e+08,5.10538e+08
212.1,-1.60776e+08,5.8506e+08
212.2,-1.02271e+08,6.37669e+08
212.3,-3.85036e+07,6.65824e+08
212.4,2.80788e+07,6.67909e+08
212.5,9.48697e+07,6.43319e+08
212.6,1.59202e+08,5.92505e+08
212.7,2.18452e+08,5.16974e+08
212.8,2.7015e+08,4.19254e+08
212.9,3.12075e+08,3.02809e+08
213,3.42356e+08,1.71923e+08
213.1,3.59548e+08,3.15421e+07
213.2,3.62702e+08,-1.12908e+08
213.3,3.51411e+08,-2.55731e+08
213.4,3.25838e+08,-3.91181e+08
213.5,2.8672e+08,-5.13692e+08
213.6,2.35351e+08,-6.18107e+08
213.7,1.7354e+08,-6.99885e+08
213.8,1.03552e+08,-7.55304e+08
213.9,2.80215e+07,-7.81618e+08
214,-5.01403e+07,-7.77194e+08
214.1,-1.2786e+08,-7.41594e+08
214.2,-2.02019e+08,-6.75619e+08
214.3,-2.69581e+08,-5.81299e+08
214.4,-3.27711e+08,-4.6184e+08
214.5,-3.73895e+08,-3.21519e+08
214.6,-4.06047e+08,-1.65531e+08
214.7,-4.226e+08,198608
214.8,-4.2258e+08,1.69235e+08
214.9,-4.05657e+08,3.34882e+08
215,-3.72168e+08,4.90447e+08
215.1,-3.23124e+08,6.29505e+08
215.2,-2.60173e+08,7.46165e+08
215.3,-1.85557e+08,8.35311e+08
215.4,-1.02026e+08,8.92827e+08
215.5,-1.27429e+07,9.15781e+08
215.6,7.88352e+07,9.02562e+08
215.7,1.69091e+08,8.52977e+08
215.8,2.54389e+08,7.68281e+08
215.9,3.31217e+08,6.5116e+08
216,3.96333e+08,5.0565e+08
216.1,4.46898e+08,3.37003e+08
216.2,4.80598e+08,1.51504e+08
216.3,4.95749e+08,-4.37654e+07
216.4,4.91372e+08,-2.4119e+08
216.5,4.67253e+08,-4.32915e+08
216.6,4.23962e+08,-6.11158e+08
216.7,3.62846e+08,-7.6852e+08
216.8,2.85994e+08,-8.98288e+08
216.9,1.96165e+08,-9.94719e+08
217,9.66935e+07,-1.05329e+09
217.1,-8.63567e+06,-1.0709e+09
217.2,-1.15726e+08,-1.04603e+09
217.3,-2.20329e+08,-9.78819e+08
217.4,-3.18211e+08,-8.71111e+08
217.5,-4.05322e+08,-7.26405e+08
217.6,-4.77963e+08,-5.49748e+08
217.7,-5.32937e+08,-3.47568e+08
217.8,-5.67694e+08,-1.27442e+08
217.9,-5.80438e+08,1.02185e+08
218,-5.7022e+08,3.32316e+08
218.1,-5.36988e+08,5.53758e+08
218.2,-4.81612e+08,7.57478e+08
218.3,-4.05865e+08,9.34974e+08
218.4,-3.12367e+08,1.07862e+09
218.5,-2.04505e+08,1.18199e+09
218.6,-8.63058e+07,1.24016e+09
218.7,3.77099e+07,1.24988e+09
218.8,1.62697e+08,1.20979e+09
218.9,2.83677e+08,1.12052e+09
219,3.95729e+08,9.84638e+08
219.1,4.94193e+08,8.06654e+08
219.2,5.74858e+08,5.92844e+08
219.3,6.34142e+08,3.51044e+08
219.4,6.69247e+08,9.03659e+07
219.5,6.78283e+08,-1.7914e+08
219.6,6.60369e+08,-4.46871e+08
219.7,6.15682e+08,-7.02081e+08
219.8,5.45474e+08,-9.34312e+08
219.9,4.52043e+08,-1.13382e+09
220,3.38661e+08,-1.29196e+09
220.1,2.09466e+08,-1.40158e+09
220.2,6.93075e+07,-1.45734e+09
220.3,-7.64262e+07,-1.45591e+09
220.4,-2.22017e+08,-1.39622e+09
220.5,-3.6164e+08,-1.27949e+09
220.6,-4.89589e+08,-1.10925e+09
220.7,-6.00514e+08,-8.91226e+08
220.8,-6.89637e+08,-6.33196e+08
220.9,-7.52956e+08,-3.44678e+08
221,-7.87424e+08,-3.66018e+07
221.1,-7.91084e+08,2.791e+08
221.2,-7.63174e+08,5.89952e+08
221.3,-7.04179e+08,8.83422e+08
221.4,-6.15837e+08,1.14743e+09
221.5,-5.01094e+08,1.37081e+09
221.6,-3.64013e+08,1.54383e+09
221.7,-2.0963e+08,1.65856e+09
221.8,-4.37736e+07,1.70924e+09
221.9,1.27151e+08,1.69257e+09
222,2.96407e+08,1.60786e+09
222.1,4.57193e+08,1.45714e+09
222.2,6.02906e+08,1.24512e+09
222.3,7.27418e+08,9.79051e+08
222.4,8.25323e+08,6.68502e+08
222.5,8.92173e+08,3.25003e+08
222.6,9.24674e+08,-3.83661e+07
222.7,9.20837e+08,-4.07468e+08
222.8,8.8009e+08,-7.67654e+08
222.9,8.03325e+08,-1.10434e+09
223,6.92891e+08,-1.40358e+09
223.1,5.52533e+08,-1.65266e+09
223.2,3.87267e+08,-1.84062e+09
223.3,2.03204e+08,-1.95872e+09
223.4,7.33234e+06,-2.00083e+09
223.5,-1.9275e+08,-1.96374e+09
223.6,-3.89124e+08,-1.84737e+09
223.7,-5.73861e+08,-1.65477e+09
223.8,-7.39338e+08,-1.39213e+09
223.9,-8.78551e+08,-1.06855e+09
224,-9.85407e+08,-6.95761e+08
224.1,-1.05498e+09,-2.87683e+08
224.2,-1.08375e+09,1.40064e+08
224.3,-1.06974e+09,5.70763e+08
224.4,-1.01267e+09,9.87245e+08
224.5,-9.13944e+08,1.37257e+09
224.6,-7.76687e+08,1.71069e+09
224.7,-6.05618e+08,1.98715e+09
224.8,-4.06902e+08,2.18966e+09
224.9,-1.87936e+08,2.30863e+09
225,4.29264e+07,2.33763e+09
225.1,2.76689e+08,2.27371e+09
225.2,5.0406e+08,2.11756e+09
225.3,7.15815e+08,1.87358e+09
225.4,9.03173e+08,1.54978e+09
225.5,1.05815e+09,1.15752e+09
225.6,1.1739e+09,7.11107e+08
225.7,1.24501e+09,2.27323e+08
225.8,1.26775e+09,-2.75229e+08
225.9,1.24022e+09,-7.76823e+08
226,1.16254e+09,-1.25738e+09
226.1,1.0368e+09,-1.69724e+09
226.2,8.67079e+08,-2.07802e+09
226.3,6.59277e+08,-2.38329e+09
226.4,4.20948e+08,-2.59934e+09
226.5,1.61014e+08,-2.71573e+09
226.6,-1.10559e+08,-2.72582e+09
226.7,-3.83141e+08,-2.62708e+09
226.8,-6.45849e+08,-2.42128e+09
226.9,-8.87977e+08,-2.11452e+09
227,-1.09943e+09,-1.71704e+09
227.1,-1.27113e+09,-1.24292e+09
227.2,-1.39543e+09,-7.09612e+08
227.3,-1.46639e+09,-1.3725e+08
227.4,-1.48011e+09,4.5205e+08
227.5,-1.43491e+09,1.03505e+09
227.6,-1.3314e+09,1.58831e+09
227.7,-1.17257e+09,2.08911e+09
227.8,-9.63659e+08,2.51635e+09
227.9,-7.12023e+08,2.85149e+09
228,-4.26874e+08,3.07927e+09
228.1,-1.18947e+08,3.18843e+09
228.2,1.99896e+08,3.17224e+09
228.3,5.17121e+08,3.02884e+09
228.4,8.20005e+08,2.76142e+09
228.5,1.09615e+09,2.37819e+09
228.6,1.33397e+09,1.89216e+09
228.7,1.52318e+09,1.32073e+09
228.8,1.65526e+09,6.85047e+08
228.9,1.72376e+09,9.24403e+06
229,1.72468e+09,-6.80445e+08
229.1,1.65664e+09,-1.35671e+09
229.2,1.52097e+09,-1.99223e+09
229.3,1.32175e+09,-2.56077e+09
229.4,1.06567e+09,-3.03826e+09
229.5,7.61843e+08,-3.40376e+09
229.6,4.21467e+08,-3.64042e+09
229.7,5.74245e+07,-3.7362e+09
229.8,-3.16195e+08,-3.68444e+09
229.9,-6.8464e+08,-3.48428e+09
230,-1.03307e+09,-3.14074e+09
230.1,-1.34714e+09,-2.66469e+09
230.2,-1.61361e+09,-2.07254e+09
230.3,-1.82087e+09,-1.38565e+09
230.4,-1.95943e+09,-6.2959e+08
230.5,-2.02239e+09,1.66774e+08
230.6,-2.00571e+09,9.72394e+08
230.7,-1.90847e+09,1.75523e+09
230.8,-1.73295e+09,2.48352e+09
230.9,-1.4846e+09,3.12702e+09
231,-1.1719e+09,3.65832e+09
231.1,-8.06063e+08,4.05391e+09
231.2,-4.00671e+08,4.29526e+09
231.3,2.88547e+07,4.36962e+09
231.4,4.65817e+08,4.27069e+09
231.5,8.92886e+08,3.99895e+09
231.6,1.29278e+09,3.56182e+09
231.7,1.64896e+09,2.97347e+09
231.8,1.94631e+09,2.25441e+09
231.9,2.17175e+09,1.4308e+09
232,2.31483e+09,5.33485e+08
232.1,2.36818e+09,-4.03118e+08
232.2,2.32787e+09,-1.34233e+09
232.3,2.19363e+09,-2.24663e+09
232.4,1.96897e+09,-3.07915e+09
232.5,1.66106e+09,-3.80515e+09
232.6,1.28054e+09,-4.39347e+09
232.7,8.41194e+08,-4.81782e+09
232.8,3.59412e+08,-5.05794e+09
232.9,-1.46382e+08,-5.10055e+09
233,-6.56437e+08,-4.93999e+09
233.1,-1.15044e+09,-4.57861e+09
233.2,-1.6083e+09,-4.02686e+09
233.3,-2.01098e+09,-3.30301e+09
233.4,-2.34128e+09,-2.43255e+09
233.5,-2.58454e+09,-1.44739e+09
233.6,-2.72928e+09,-3.84627e+08
233.7,-2.76774e+09,7.14777e+08
233.8,-2.69626e+09,1.80758e+09
233.9,-2.51551e+09,2.84993e+09
234,-2.23051e+09,3.79914e+09
234.1,-1.8506e+09,4.61536e+09
234.2,-1.38906e+09,5.26329e+09
234.3,-8.62734e+08,5.71365e+09
234.4,-2.91369e+08,5.94447e+09
234.5,3.03078e+08,5.94213e+09
234.6,8.97291e+08,5.70205e+09
234.7,1.4675e+09,5.2291e+09
234.8,1.99041e+09,4.53752e+09
234.9,2.44416e+09,3.6506e+09
235,2.80922e+09,2.59993e+09
235.1,3.06921e+09,1.42424e+09
235.2,3.21164e+09,1.68074e+08
235.3,3.22844e+09,-1.11994e+09
235.4,3.11645e+09,-2.38892e+09
235.5,2.87756e+09,-3.58772e+09
235.6,2.51878e+09,-4.66699e+09
235.7,2.05209e+09,-5.58116e+09
235.8,1.49397e+09,-6.29037e+09
235.9,8.64932e+08,-6.76215e+09
236,1.88716e+08,-6.97288e+09
236.1,-5.08572e+08,-6.90891e+09
236.2,-1.19946e+09,-6.56731e+09
236.3,-1.85619e+09,-5.95617e+09
236.4,-2.45181e+09,-5.09457e+09
236.5,-2.96127e+09,-4.01196e+09
236.6,-3.36246e+09,-2.74721e+09
236.7,-3.63719e+09,-1.34728e+09
236.8,-3.77191e+09,1.34539e+08
236.9,-3.75846e+09,1.64061e+09
237,-3.5944e+09,3.11119e+09
